{"cameraMode":{"drawMode":0,"name":"Shaded","section":"Shading Mode"},"sceneLighting":true,"audioPlay":false,"sceneViewState":{"showFog":true,"showMaterialUpdate":true,"showSkybox":true,"showFlares":true,"showImageEffects":true,"showParticleSystems":true},"in2DMode":false,"pivot":{"x":497.0650939941406,"y":232.3583984375,"z":-2.15936279296875},"rotation":{"x":-0.01349476259201765,"y":-0.026698175817728044,"z":0.0003604225057642907,"w":-0.9995532631874085},"size":690.5432739257813,"orthographic":false}