{"cameraMode":{"drawMode":0,"name":"Shaded","section":"Shading Mode"},"sceneLighting":false,"audioPlay":false,"sceneViewState":{"showFog":true,"showMaterialUpdate":true,"showSkybox":false,"showFlares":true,"showImageEffects":true,"showParticleSystems":true},"in2DMode":false,"pivot":{"x":-1.9923934936523438,"y":2.2951297760009767,"z":-1.4277453422546387},"rotation":{"x":0.07565230131149292,"y":-0.06725425273180008,"z":0.00511417118832469,"w":0.994851291179657},"size":22.0,"orthographic":false}