{"cameraMode":{"drawMode":0,"name":"Shaded","section":"Shading Mode"},"sceneLighting":true,"audioPlay":false,"sceneViewState":{"showFog":true,"showMaterialUpdate":true,"showSkybox":true,"showFlares":true,"showImageEffects":true,"showParticleSystems":true},"in2DMode":false,"pivot":{"x":649.5347900390625,"y":265.6719970703125,"z":-135.066162109375},"rotation":{"x":-0.014086471870541573,"y":-0.04647847265005112,"z":-0.0006560118636116386,"w":0.9988225102424622},"size":781.7724609375,"orthographic":false}