{"cameraMode":{"drawMode":0,"name":"Shaded","section":"Shading Mode"},"sceneLighting":false,"audioPlay":false,"sceneViewState":{"showFog":true,"showMaterialUpdate":true,"showSkybox":false,"showFlares":true,"showImageEffects":true,"showParticleSystems":true},"in2DMode":false,"pivot":{"x":6.376617431640625,"y":6.415334701538086,"z":6.903955936431885},"rotation":{"x":0.08915652334690094,"y":-0.05226679891347885,"z":0.00468351598829031,"w":0.9946389198303223},"size":34.7810173034668,"orthographic":false}