{"cameraMode":{"drawMode":0,"name":"Shaded","section":"Shading Mode"},"sceneLighting":false,"audioPlay":false,"sceneViewState":{"showFog":true,"showMaterialUpdate":true,"showSkybox":false,"showFlares":true,"showImageEffects":true,"showParticleSystems":true},"in2DMode":false,"pivot":{"x":0.9181466102600098,"y":5.311313629150391,"z":-31.244619369506837},"rotation":{"x":0.0246482752263546,"y":-0.14048975706100465,"z":0.0034980280324816705,"w":0.9897711873054504},"size":0.071527861058712,"orthographic":false}