{"cameraMode":{"drawMode":0,"name":"Shaded","section":"Shading Mode"},"sceneLighting":false,"audioPlay":false,"sceneViewState":{"showFog":true,"showMaterialUpdate":true,"showSkybox":false,"showFlares":true,"showImageEffects":true,"showParticleSystems":true},"in2DMode":false,"pivot":{"x":9.840356826782227,"y":12.820000648498536,"z":5.593955993652344},"rotation":{"x":0.16264604032039643,"y":-0.6604835987091065,"z":0.14970815181732179,"w":0.7175654172897339},"size":4.309481143951416,"orthographic":false}