{"cameraMode":{"drawMode":0,"name":"Shaded","section":"Shading Mode"},"sceneLighting":true,"audioPlay":false,"sceneViewState":{"showFog":true,"showMaterialUpdate":true,"showSkybox":true,"showFlares":true,"showImageEffects":true,"showParticleSystems":true},"in2DMode":false,"pivot":{"x":-16.453739166259767,"y":-8.072519302368164,"z":1.595970630645752},"rotation":{"x":-0.23286834359169007,"y":0.46355918049812319,"z":-0.12769995629787446,"w":-0.845327615737915},"size":17.705154418945314,"orthographic":false}